<?xml version="1.0" encoding="UTF-8"?>
<!-- 
  Example LOGBACK Configuration File
  http://logback.qos.ch/manual/configuration.html
  -->
<configuration scan="true" scanPeriod="30 seconds">
  <!-- address performance concern with jul-to-slf4j -->
  <appender name="STDOUT" class="ch.qos.logback.core.ConsoleAppender">
    <encoder>
      <pattern>%d{HH:mm:ss.SSS} [%thread] %-5level %logger{36} - %msg%n</pattern>
    </encoder>
  </appender>
 
  <root level="info">
    <appender-ref ref="STDOUT" />
  </root>
</configuration>
